lesson_id,lesson_key,lesson_title,subtitle,cefr_level,lesson_type,sequence_number,section_key,is_published,learning_focus,scene_summary,scene_type,suggested_location,allowed_register,estimated_line_count,relationship_pair_id,start_state,current_stage,function_summary,character_a_id,speaker_a_key,speaker_a_name,speaker_a_name_thai,speaker_a_role_summary,speaker_a_age_impression,character_b_id,speaker_b_key,speaker_b_name,speaker_b_name_thai,speaker_b_role_summary,speaker_b_age_impression,required_vocabulary_list,allowed_vocabulary_list,required_phrases_list,required_grammar_list,required_patterns_list,speaker_a_default_tone,speaker_a_default_usage,speaker_b_default_tone,speaker_b_default_usage,allowed_progression,relationship_rules_list,dialogue_constraints_list,must_avoid_rule
2,a1-dialog-02,Dialog 2,Where are you going?,A1,dialog,2,dialogs,true,"Ask where someone is going, invite them to do something together, and accept an invitation.","Continuation of the  first, polite introduction between Mali and Narin in an everyday setting.  Narin asks where she is going and invites her for coffee.",first meeting,quiet everyday setting,formal_polite,6-8 lines,1,first_meeting,early,Opening introductions and polite small talk.,2,mali,Mali,มะลิ,"Adult woman with a polished, professional-adjacent presence; organized and polite.",adult,1,narin,Narin,นริน,"Central anchor character; calm, socially capable, dependable, connector between groups.",adult,"- ที่ไหน (thîi-nǎi) = where
- ไป (bpai) = go
- ดื่ม (dʉ̀ʉm) = drink
- กาแฟ (gaa-faae) = coffee
- ยินดี (yin-dii) = pleased
- ด้วยกัน (dûai-gan) = together","- คุณ (khun) = you
- ฉัน (chǎn) = I
- ชื่อ (chʉ̂ʉ) = name
- ผม (phǒm) = I
- สวัสดี (sà-wàt-dii) = hello
- อะไร (à-rai) = what",- none,- Subject omission when clear: Leave out the subject when context already makes it obvious.,- Question with mai,"- calm
- polite
- organized
- mature","- workplace_adjacent_scenes
- cafe_scenes
- shopping
- scheduling
- introductions","- calm
- approachable
- socially_confident
- believable","- first_meetings
- practical_daily_scenes
- bridge_between_character_clusters","- acquaintance
- comfortable_contact
- close_bond_or_subtle_romantic_potential","- lesson_1_can_start_here: This pair may begin the curriculum as a first meeting in greetings and introductions.
- keep_growth_gradual: Do not move this pair too quickly into intimacy; let familiarity develop over multiple lessons.
- no_fast_romance: Romantic potential must remain subtle and should not appear in early A1 lessons.","- short lines only
- one communicative move per line
- beginner-safe Thai only
- use polite particles consistently
- no flirting or intimacy
- no important new grammar outside lesson scope
- Mali uses ฉัน
- Narin uses ผม",Only use vocabulary from Required vocabulary and Previously introduced vocabulary. Do not introduce additional vocabulary unless it is extremely basic and unavoidable for natural Thai.